{
    "Dashboard": "",
    "Shops": "",
    "Shop": "",
    "Shop_name": "",
    "Shop_List": "",
    "Add_New_Shop": "",
    "Shop_Owner": "",
    "Gender": "",
    "Agreement_commission": "",
    "Commission_Update": "",
    "Logo": "",
    "Export_Excle": "",
    "Export_PDF": "",
    "Store_Name": "",
    "Stores_in_map": "",
    "Discount_Price": "",
    "month": "",
    "year": "",
    "Total_Revenue": "",
    "Orders": "",
    "Order_Labels": "",
    "All_order_labels": "",
    "Order": "",
    "Order_ID": "",
    "Pickup_Date": "",
    "Order_Status": "",
    "Order_Address": "",
    "Address_Name": "",
    "Order_Details": "",
    "Order_details_of": "",
    "Show_all_order_products": "",
    "All_order_products": "",
    "Download_Invoice": "",
    "Payment_status": "",
    "Payment_Method": "",
    "Product_Manage": "",
    "Edit_Product": "",
    "Services": "",
    "Service": "",
    "My_Services": "",
    "All_Services": "",
    "Add_New_Service": "",
    "Variants": "",
    "All_Variants": "",
    "Add_New_Variant": "",
    "Shop_Wise_Variants": "",
    "Shop_Wise_Coupon": "",
    "Shop_wise_Report": "",
    "Commission": "",
    "Total_selling": "",
    "Total_revenue": "",
    "Commission_cost": "",
    "Total_order": "",
    "total_cencel_order": "",
    "Order_Date": "",
    "SL": "SL",
    "Edit_Variant": "",
    "All_products_under": "",
    "Variant": "",
    "Products": "",
    "Product": "",
    "Add_New_Product": "",
    "Coupon": "",
    "Coupons": "",
    "Add_New_Coupon": "",
    "Yes_Notify_All_Customer": "",
    "Notifications": "",
    "Notification": "",
    "Reports": "",
    "Report": "",
    "App_Banners": "",
    "Customers": "",
    "Customer": "",
    "Customer_Name": "",
    "Add_New_Customer": "",
    "Edit_Customer": "",
    "Customer_Details": "",
    "Customer_Photo": "",
    "Others_Details": "",
    "Drivers": "",
    "Driver": "",
    "Contacts": "",
    "Contact": "",
    "Admins": "",
    "Admin": "",
    "Settings": "",
    "Setting": "",
    "App_Setting": "",
    "Third_Party_Config": "",
    "SMS_Gateway": "",
    "Mail_Config": "",
    "Delivery_Cost": "",
    "Mobile_App_Link": "",
    "Social_Links": "",
    "Pickup_Schedules": "",
    "Delivery_Schedules": "",
    "Schedules": "",
    "Start_Time": "",
    "End_Time": "",
    "Day": "",
    "Off_Day": "",
    "Per_hour": "",
    "Stripe_payment": "",
    "Invoice_Manage": "",
    "Areas": "",
    "Add_New_Area": "",
    "Edit_Area": "",
    "Profile": "",
    "Logout": "",
    "Income": "",
    "User": "",
    "Users": "",
    "Revenue": "",
    "Today": "",
    "Week": "",
    "This_Month": "",
    "This_Year": "",
    "Download": "",
    "Delivery": "",
    "Date": "",
    "By": "",
    "Quantity": "",
    "Total": "",
    "Action": "",
    "Pending": "",
    "On_progress": "",
    "Delivered": "",
    "Cancel_Order": "",
    "Overview": "",
    "Id": "",
    "Pickup": "",
    "Amount": "",
    "Total_Amount": "",
    "Total_Quantity": "",
    "Status": "",
    "Actions": "",
    "Address_line": "",
    "Post_Code": "",
    "Note": "",
    "Close": "",
    "From": "",
    "Address": "",
    "Addresses": "",
    "Back": "",
    "Print": "",
    "Details": "",
    "Assign_driver": "",
    "Payment": "",
    "Paid": "",
    "Discount": "",
    "Discount_Amount": "",
    "Items": "",
    "Item": "",
    "Picked": "",
    "Labels": "",
    "Label": "",
    "Additional_Instruction": "",
    "Additional_Service": "",
    "Additional_Services": "",
    "Rating": "",
    "Show": "",
    "All": "",
    "Photo": "",
    "Email": "",
    "Phone_number": "",
    "Flat_No": "",
    "House_No": "",
    "Block": "",
    "Road_No": "",
    "Name": "",
    "Thumbnail": "",
    "Description": "",
    "Add_New": "",
    "Price": "",
    "English": "",
    "Arabic": "",
    "Code": "",
    "Title": "",
    "Image": "",
    "Select": "",
    "Order confirmed": "",
    "Picked your order": "",
    "Processing": "",
    "Cancelled": "",
    "revenue_not_found": "",
    "Sorry": "",
    "Month": "",
    "Year": "",
    "Pieces": "",
    "Area": "",
    "verified": "",
    "Unverified": "",
    "Create": "",
    "Submit": "",
    "Edit": "",
    "Position": "",
    "Save_changes": "",
    "under": "",
    "Active": "",
    "Inactive": "",
    "Update": "",
    "Min_Amount": "",
    "Max_Amount": "",
    "Started_at": "",
    "Expired_at": "",
    "percent": "",
    "Minimum_Amount": "",
    "Discount_Type": "",
    "Send_Notifications": "",
    "Message": "",
    "Send_Message": "",
    "Android": "",
    "Ios": "",
    "Banners": "",
    "Banner": "",
    "Add_New_Banner": "",
    "Edit_Banner": "",
    "Delete_a_banner": "",
    "Are_you_sure?": "",
    "You_want_to_permanently_delete_this_banner": "",
    "Delete": "",
    "Mobile": "",
    "Date_of_Birth": "",
    "Profile_Photo": "",
    "Show_all_Orders": "",
    "First_Name": "",
    "Last_Name": "",
    "Email_Address": "",
    "Change_Password": "",
    "Current_Password": "",
    "New_Password": "",
    "Confirm_Password": "",
    "Register_Date": "",
    "Driver_Name": "",
    "Deactive": "",
    "List": "",
    "Mobile_number": "",
    "Do_not_need": "",
    "Device_Type": "",
    "Delivery_Date": "",
    "Order_By": "",
    "Print_Report": "",
    "Filter": "",
    "Sorry_revenue_report_not_found": "",
    "Password": "",
    "Approve": "",
    "Assign": "",
    "Accepted": "",
    "join_date": "",
    "No": "",
    "Yes": "",
    "Delivery_charge": "",
    "Language": "Language",
    "Select_Language": "Select Language",
    "Create_new_Language": "",
    "Enter_Language_Name": "",
    "Edit_Language": "",
    "All_Language": "",
    "Key": "",
    "Value": "",
    "Fee_Delivery": "",
    "Default_delivery_fee_100": "",
    "Minimum_order_amount": "",
    "Save_And_Update": "",
    "privacy-policy": "",
    "trams-of-service": "",
    "contact-us": "",
    "about-us": "",
    "Wallet": "",
    "Request_Date": "",
    "Accept_Date": "",
    "Confirm": "",
    "Cancle": "",
    "View_All": "",
    "Latest_Orders": "",
    "Transition_Type": "",
    "Transition": "",
    "All_Transition": "",
    "Available_Balance": "",
    "Total_Transactions": "",
    "Purpose": "",
    "Latest_transaction": "",
    "Set_Location": "",
    "Personal_Details": "",
    "Latitude": "",
    "Longitude": "",
    "Edit_Personal_Information": "",
    "Edit_Shop_Address": "",
    "Edit_Shop_Information": "",
    "Mail_Configuration": "",
    "Mail_Mailer": "",
    "Mail_Host": "",
    "Mail_Port": "",
    "Mail_User_Name": "",
    "Mail_Password": "",
    "Mail_Encryption": "",
    "Mail_From_Address": "",
    "Two_Step_Verification": "",
    "Android_Url": "",
    "IOS_Url": "",
    "Permissions": "",
    "SMS_Configuration": "",
    "Source": "",
    "URL": "",
    "Printer_Type": "",
    "Regular_Printer": "",
    "Pos_Printer": "",
    "Stripe_payment_key_set": "",
    "Stripe_Public_Key": "",
    "Stripe_Secret_Key": "",
    "Withdraw": "",
    "Withdraw_Overview": "",
    "Website_Name": "",
    "Website_Title": "",
    "City": "",
    "Invoice_Signature": "",
    "favicon": "",
    "Currency_Symbol": "",
    "signature": "",
    "Currency_Position": "",
    "Time_Zone": "",
    "Direction": ""
}
